SGAust,2012 6 15,Small Giants
TOMOrganic,2012 9 20,TOM Organic
eagleconsumable,2012 11 22,Eagle Consumables
ThirdSpaces,2013 1 4,Third Spaces
SnakkMedia,2013 3 1,Snakk Media
Whole_kids,2013 5 10,Whole Kids
dumbofeather,2013 6 3,Dumbo Feather
HITnet_au,2013 6 13,HITnet
ImpactINV,2013 8 30,Impact Investment
sharkislandAUS,2013 10 15,Shark Island
thehenleyclub,2013 10 22,Henley Club
hello_interface,2014 1 7,Interface Sustainable
OpenJournalAU,2014 1 27,Neometro
talentnationaus,2014 1 29,Talent Nation
austethical,2014 2 6,Ethical Investment
ecovantage,2014 3 13,Ecovantage
TuShareAus,2014 3 31,TuShare
wildwonprojects,2014 5 30,Wildwon
rehotravel,2014 6 6,Reho
pangolinassoc,2014 6 25,Pangolin
ProBonoAust,2014 7 14,Bono
Ethinvest_AU,2014 7 29,Ethinvest
VITALCONSULT_AU,2014 8 9,Vital Consult
361D,2014 8 10,Degrees Stakeholder
serversaurus,2014 8 12,Arktisma
bluechillie,2014 8 14,Currie
ecocreative,2014 8 18,Ecocreative
StudioThick,2014 8 18,Studio Thick
bcubedma,2014 8 19,B cubed
CPCounsel,2014 8 19,Clearpoint
KeepCup,2014 8 20,KeepCup
carolyntateco,2014 8 27,Carolyn
EduChangemakers,2014 8 27,Changemakers
kindredstudios,2014 8 28,Kindred
fiveamorganics,2014 10 9,Five AM
TSOLMelb,2014 10 13,School of Life
Energy4People,2014 11 11,Energy for
OurCommunityAU,2014 12 8,Our Community
aithernews,2014 12 15,Aither
oconnellsobm,2014 12 17,Connells
harwoodandrews,2015 2 9,Lantern
zincgroup,2015 2 24,Zinc
WealthEnhancers,2015 3 17,Wealth Enhancers
kookswines,2015 4 8,Kooks
teamgoodness,2015 4 27,Honest to Goodness
EatMeChutneys,2015 5 5,Eat Me Chutneys
csbanking,2015 5 13,Sector Banking
starwinmgt,2015 6 9,Starwin
SparkStrategyAu,2015 6 16,Spark Strategy
SeedAu,2015 6 23,Seed Consulting
silverchefAU,2015 6 23,Silver Chef
ClimateFriendly,2015 7 6,Climate Friendly
ethiquenz,2015 7 7,Ethique
SEFAinfo,2015 7 21,Social Enterprise
republicofevry1,2015 7 27,Republic of Everyone
bwdcreative,2015 7 30,BWD
Bellroy,2015 8 17,Bellroy
globaleaders,2015 8 20,Leadership Foundation
augustco,2015 8 29,August
Mindful_Michael,2015 9 14,WorkSmart
jotblair,2015 9 17,Brown Bread
republicaau,2015 9 27,Republica
gobbleorganics,2015 10 8,Murray River
savingreencomau,2015 10 9,Saving Green
agencysc,2015 10 16,Agency
RoderickFraser,2015 10 19,Business Growth
ivhq,2015 10 28,HQ
benefitcapital,2015 11 16,Benefit Capital
goodenvchoice,2015 11 30,Environmental Choice
seatedmassage,2015 11 30,SeatedMassage
_yourcall_,2015 12 1,Your-Call
Vividadvisers,2015 12 7,Vivid Accountants
BrightgreenLED,2015 12 10,Brightgreen
mktcomms,2015 12 14,Mkt
retailoasis,2015 12 14,RetailOasis
GreenMovesAust,2015 12 15,Green Moves
redelephantaus,2015 12 18,Red Elephant
BeyondBank,2015 12 31,Beyond Bank
portablestudios,2016 1 11,Portable
startsomegood,2016 1 11,StartSomeGood
capirecg,2016 1 14,Capire
moonbirdsunbird,2016 2 2,Moonbird
AdaraGroup,2016 2 8,Adara
blacksmithnz,2016 2 9,Blacksmith
whogivesacraptp,2016 2 10,Who Gives A Crap
Human_IT,2016 2 12,Human IT